BARCODE,LABEL,ARRAY_RESULT,PCB NO,STEP_RESULT,MODEL,START TIME,END TIME,NO,NAME,NAME_DETAIL,VOLT(V),MIN_1,TYP_1,MAX_2,MEAS_1,MIN_2,TYP_2,MAX_2,MEAS_2,CAN_STD,MEAS_CAN,DTC CODE,MEAS_DTC CODE,STEP TIME,CAN:TX-1,CAN:RX-1,CAN:TX-2,DATA:RX-2
00116314000A100000021,R692181010260321MX5MX5ALH100130S16008,PASS,1,PASS,MX5a ILCU_LH,2026-03-21 13:31:57,2026-03-21 13:34:21,1,LAM 매칭 저항 확인,LAM Resistance,0,12500,13000,13500,12757.60,-,-,-,-,-,-,-,-,,,,,
00116314000A100000021,R692181010260321MX5MX5ALH100130S16008,PASS,1,PASS,MX5a ILCU_LH,2026-03-21 13:31:57,2026-03-21 13:34:21,2,Session control,Com Open,13.5,-,-,-,-,-,-,-,-,-,-,-,-,00.01.109,760 | 02 10 03 00 00 00 00 00 | ,768 | 06 50 03 00 32 01 F4 AA | ,,
00116314000A100000021,R692181010260321MX5MX5ALH100130S16008,PASS,1,PASS,MX5a ILCU_LH,2026-03-21 13:31:57,2026-03-21 13:34:21,3,,Security Access,13.5,-,-,-,-,-,-,-,-,-,-,-,-,00.01.983,760 | 02 27 11 00 00 00 00 00 | 30 00 14 00 00 00 00 00 | ,768 | 10 0A 67 11 A1 D3 D1 A0 | 21 B5 80 16 8D AA AA AA | ,760 | 10 0A 27 12 7C 86 FE 3E | 21 F3 E0 10 1D 00 00 00 | ,768 | 02 67 12 AA AA AA AA AA | 
00116314000A100000021,R692181010260321MX5MX5ALH100130S16008,PASS,1,PASS,MX5a ILCU_LH,2026-03-21 13:31:57,2026-03-21 13:34:21,4,,HSM Configuration Lock State,13.5,-,-,-,-,-,-,-,-,1,ENABLE : 0,-,-,00.00.617,760 | 04 31 01 F0 03 00 00 00 | ,768 | 05 71 01 F0 03 01 AA AA | ,,
00116314000A100000021,R692181010260321MX5MX5ALH100130S16008,PASS,1,PASS,MX5a ILCU_LH,2026-03-21 13:31:57,2026-03-21 13:34:21,5,,Secure Debug State_MCU,13.5,-,-,-,-,-,-,-,-,1,ENABLE : 0,-,-,00.00.537,760 | 04 31 01 F0 03 00 00 00 | ,768 | 05 71 01 F0 03 01 AA AA | ,,
00116314000A100000021,R692181010260321MX5MX5ALH100130S16008,PASS,1,PASS,MX5a ILCU_LH,2026-03-21 13:31:57,2026-03-21 13:34:21,6,,Secure Boot State_MCU,13.5,-,-,-,-,-,-,-,-,-,NOT EOL IMPLEMENTED,-,-,00.00.496,760 | 04 31 01 F0 03 00 00 00 | ,768 | 05 71 01 F0 03 01 AA AA | ,,
00116314000A100000021,R692181010260321MX5MX5ALH100130S16008,PASS,1,PASS,MX5a ILCU_LH,2026-03-21 13:31:57,2026-03-21 13:34:21,7,,Debug Port State_MCU,13.5,-,-,-,-,-,-,-,-,-,NOT EOL IMPLEMENTED,-,-,00.00.487,760 | 04 31 01 F0 03 00 00 00 | ,768 | 05 71 01 F0 03 01 AA AA | ,,
00116314000A100000021,R692181010260321MX5MX5ALH100130S16008,PASS,1,SKIP,MX5a ILCU_LH,2026-03-21 13:31:57,2026-03-21 13:34:21,8,POWER RESET,,13.5,-,-,-,-,-,-,-,-,-,-,-,-,00.00.531,,,,
00116314000A100000021,R692181010260321MX5MX5ALH100130S16008,PASS,1,PASS,MX5a ILCU_LH,2026-03-21 13:31:57,2026-03-21 13:34:21,9,SESSION,Com Open,13.5,-,-,-,-,-,-,-,-,-,-,-,-,00.00.391,760 | 02 10 03 00 00 00 00 00 | ,768 | 06 50 03 00 32 01 F4 AA | ,,
00116314000A100000021,R692181010260321MX5MX5ALH100130S16008,PASS,1,PASS,MX5a ILCU_LH,2026-03-21 13:31:57,2026-03-21 13:34:21,10,,Security Access,13.5,-,-,-,-,-,-,-,-,-,-,-,-,00.01.158,760 | 02 27 11 00 00 00 00 00 | 30 00 14 00 00 00 00 00 | ,768 | 10 0A 67 11 1B 33 D2 28 | 21 4E 63 B2 FD AA AA AA | ,760 | 10 0A 27 12 BF 77 1F 4D | 21 3B 66 5F BB 00 00 00 | ,768 | 02 67 12 AA AA AA AA AA | 
00116314000A100000021,R692181010260321MX5MX5ALH100130S16008,PASS,1,PASS,MX5a ILCU_LH,2026-03-21 13:31:57,2026-03-21 13:34:21,11,메모리 이중화 검사,Swap Active Area,13.5,-,-,-,-,-,-,-,-,-,-,-,-,00.01.965,760 | 07 31 01 02 13 0A F1 B1 | 30 00 00 00 00 00 00 00 | ,768 | 10 09 71 01 02 13 0A F1 | 21 B1 00 05 AA AA AA AA | ,,
00116314000A100000021,R692181010260321MX5MX5ALH100130S16008,PASS,1,SKIP,MX5a ILCU_LH,2026-03-21 13:31:57,2026-03-21 13:34:21,12,,POWER RESET,13.5,-,-,-,-,-,-,-,-,-,-,-,-,00.00.562,,,,
00116314000A100000021,R692181010260321MX5MX5ALH100130S16008,PASS,1,PASS,MX5a ILCU_LH,2026-03-21 13:31:57,2026-03-21 13:34:21,13,,Com Open,13.5,-,-,-,-,-,-,-,-,-,-,-,-,00.00.411,760 | 02 10 03 00 00 00 00 00 | ,768 | 06 50 03 00 32 01 F4 AA | ,,
00116314000A100000021,R692181010260321MX5MX5ALH100130S16008,PASS,1,PASS,MX5a ILCU_LH,2026-03-21 13:31:57,2026-03-21 13:34:21,14,,Security Access,13.5,-,-,-,-,-,-,-,-,-,-,-,-,00.01.144,760 | 02 27 11 00 00 00 00 00 | 30 00 14 00 00 00 00 00 | ,768 | 10 0A 67 11 0A 0B EF A3 | 21 F0 16 25 DD AA AA AA | ,760 | 10 0A 27 12 D9 9F 06 7E | 21 48 B1 E8 F3 00 00 00 | ,768 | 02 67 12 AA AA AA AA AA | 
00116314000A100000021,R692181010260321MX5MX5ALH100130S16008,PASS,1,PASS,MX5a ILCU_LH,2026-03-21 13:31:57,2026-03-21 13:34:21,15,현재 메모리 영역 확인,Read Active Area,13.5,-,-,-,-,-,-,-,-,A,0A,-,-,00.00.559,760 | 06 31 01 02 10 F1 B1 00 | ,768 | 05 71 01 02 10 0A AA AA | ,,
00116314000A100000021,R692181010260321MX5MX5ALH100130S16008,PASS,1,PASS,MX5a ILCU_LH,2026-03-21 13:31:57,2026-03-21 13:34:21,16,,Vehicle Part Number,13.5,-,-,-,-,-,-,-,-,39 32 31 30 31 52 36 30 30 30,39 32 31 30 31 52 36 30 30 30,-,-,00.00.508,760 | 10 0D 2E F1 87 39 32 31 | 21 30 31 52 36 30 30 30 | ,768 | 03 6E F1 87 AA AA AA AA | ,,
00116314000A100000021,R692181010260321MX5MX5ALH100130S16008,PASS,1,PASS,MX5a ILCU_LH,2026-03-21 13:31:57,2026-03-21 13:34:21,17,파라메타 입력_CL/NON DWL/CTR,Vehicle Coding Information,13.5,-,-,-,-,-,-,-,-,00 00 00 13 01 00 01 00,00 00 00 13 01 00 01 00,-,-,00.00.555,760 | 10 0B 2E C0 DE 00 00 00 | 21 13 01 00 01 00 00 00 | ,768 | 03 6E C0 DE AA AA AA AA | ,,
00116314000A100000021,R692181010260321MX5MX5ALH100130S16008,PASS,1,PASS,MX5a ILCU_LH,2026-03-21 13:31:57,2026-03-21 13:34:21,18,,Serial Number,13.5,-,-,-,-,-,-,-,-,0000202603216008,0000202603216008,-,-,00.00.564,760 | 10 13 2E F1 8C 30 30 30 | 21 30 32 30 32 36 30 33 | 22 32 31 36 30 30 38 00 | ,768 | 03 6E F1 8C AA AA AA AA | ,,
00116314000A100000021,R692181010260321MX5MX5ALH100130S16008,PASS,1,PASS,MX5a ILCU_LH,2026-03-21 13:31:57,2026-03-21 13:34:21,19,,Manufacturing Date,13.5,-,-,-,-,-,-,-,-,20 26 03 21,20 26 03 21,-,-,00.00.617,760 | 07 2E F1 8B 20 26 03 21 | ,768 | 03 6E F1 8B AA AA AA AA | ,,
00116314000A100000021,R692181010260321MX5MX5ALH100130S16008,PASS,1,PASS,MX5a ILCU_LH,2026-03-21 13:31:57,2026-03-21 13:34:21,20,,Hard Reset,13.5,-,-,-,-,-,-,-,-,-,-,-,-,00.00.489,760 | 02 11 01 00 00 00 00 00 | ,768 | 02 51 01 AA AA AA AA AA | ,,
00116314000A100000021,R692181010260321MX5MX5ALH100130S16008,PASS,1,PASS,MX5a ILCU_LH,2026-03-21 13:31:57,2026-03-21 13:34:21,21,DTC 삭제,Clear DTC,13.5,-,-,-,-,-,-,-,-,-,-,-,-,00.01.824,760 | 04 14 FF FF FF 00 00 00 | ,768 | 01 54 AA AA AA AA AA AA | ,,
00116314000A100000021,R692181010260321MX5MX5ALH100130S16008,PASS,1,PASS,MX5a ILCU_LH,2026-03-21 13:31:57,2026-03-21 13:34:21,22,DTC 확인,Read DTC,13.5,-,-,-,-,-,-,-,-,0,0,-,-,00.01.858,760 | 03 19 02 09 00 00 00 00 | ,768 | 03 59 02 09 AA AA AA AA | ,,
00116314000A100000021,R692181010260321MX5MX5ALH100130S16008,PASS,1,PASS,MX5a ILCU_LH,2026-03-21 13:31:57,2026-03-21 13:34:21,23,제어기 사양검사,SW Version for HKMC,13.5,-,-,-,-,-,-,-,-,1.3,1.30,-,-,00.00.540,760 | 03 22 F1 A0 00 00 00 00 | ,768 | 07 62 F1 A0 31 2E 33 30 | ,,
00116314000A100000021,R692181010260321MX5MX5ALH100130S16008,PASS,1,PASS,MX5a ILCU_LH,2026-03-21 13:31:57,2026-03-21 13:34:21,24,,Hardware Version,13.5,-,-,-,-,-,-,-,-,1,1.00,-,-,00.00.509,760 | 03 22 F1 93 00 00 00 00 | ,768 | 07 62 F1 93 31 2E 30 30 | ,,
00116314000A100000021,R692181010260321MX5MX5ALH100130S16008,PASS,1,PASS,MX5a ILCU_LH,2026-03-21 13:31:57,2026-03-21 13:34:21,25,,HWVersion Voltage,13.5,2.89,2.945,3,   2.94,-,-,-,-,-,-,-,-,00.00.499,760 | 03 22 01 A0 00 00 00 00 | 30 00 00 00 00 00 00 00 | ,768 | 10 37 62 01 A0 FF FF FF | 21 FF 01 9F 00 00 00 00 | 22 01 9F 00 00 00 00 01 | 23 A0 00 00 00 00 01 F3 | 24 01 F2 01 F3 01 C6 01 | 25 26 27 10 00 00 00 00 | 26 27 10 00 00 08 98 00 | 27 00 00 00 00 00 01 95 | ,,
00116314000A100000021,R692181010260321MX5MX5ALH100130S16008,PASS,1,PASS,MX5a ILCU_LH,2026-03-21 13:31:57,2026-03-21 13:34:21,26,,Vehicle Part Number,13.5,-,-,-,-,-,-,-,-,92101R6000,92101R6000,-,-,00.00.520,760 | 03 22 F1 87 00 00 00 00 | 30 00 00 00 00 00 00 00 | ,768 | 10 0D 62 F1 87 39 32 31 | 21 30 31 52 36 30 30 30 | ,,
00116314000A100000021,R692181010260321MX5MX5ALH100130S16008,PASS,1,PASS,MX5a ILCU_LH,2026-03-21 13:31:57,2026-03-21 13:34:21,27,,Parameter Version,13.5,-,-,-,-,-,-,-,-,1,01,-,-,00.00.529,760 | 03 22 F1 02 00 00 00 00 | ,768 | 04 62 F1 02 01 AA AA AA | ,,
00116314000A100000021,R692181010260321MX5MX5ALH100130S16008,PASS,1,PASS,MX5a ILCU_LH,2026-03-21 13:31:57,2026-03-21 13:34:21,28,,Serial Number,13.5,-,-,-,-,-,-,-,-,0000202603216008,0000202603216008,-,-,00.00.512,760 | 03 22 F1 8C 00 00 00 00 | 30 00 00 00 00 00 00 00 | ,768 | 10 13 62 F1 8C 30 30 30 | 21 30 32 30 32 36 30 33 | 22 32 31 36 30 30 38 AA | ,,
00116314000A100000021,R692181010260321MX5MX5ALH100130S16008,PASS,1,PASS,MX5a ILCU_LH,2026-03-21 13:31:57,2026-03-21 13:34:21,29,,Manufacturing Date,13.5,-,-,-,-,-,-,-,-,20 26 03 21,20 26 03 21,-,-,00.00.531,760 | 03 22 F1 8B 00 00 00 00 | ,768 | 07 62 F1 8B 20 26 03 21 | ,,
00116314000A100000021,R692181010260321MX5MX5ALH100130S16008,PASS,1,PASS,MX5a ILCU_LH,2026-03-21 13:31:57,2026-03-21 13:34:21,30,,Vehicle Coding Information,13.5,-,-,-,-,-,-,-,-,00 00 00 13 01 00 01 00,00 00 00 13 01 00 01 00,-,-,00.01.809,760 | 03 22 C0 DE 00 00 00 00 | 30 00 00 00 00 00 00 00 | ,768 | 10 0B 62 C0 DE 00 00 00 | 21 13 01 00 01 00 AA AA | ,,
00116314000A100000021,R692181010260321MX5MX5ALH100130S16008,PASS,1,PASS,MX5a ILCU_LH,2026-03-21 13:31:57,2026-03-21 13:34:21,31,,IVD_MCU,13.5,-,-,-,-,-,-,-,-,96 B6 E4 69 0E B0 4E FB 7D 4F 66 64 C3 1F A4 C9 1A 89 47 BA 1B DD 07 4A B6 CC E7 BA A8 32 2D 7C,96 B6 E4 69 0E B0 4E FB 7D 4F 66 64 C3 1F A4 C9 1A 89 47 BA 1B DD 07 4A B6 CC E7 BA A8 32 2D 7C,-,-,00.00.497,760 | 03 22 F1 C1 00 00 00 00 | 30 00 14 00 00 00 00 00 | ,768 | 10 23 62 F1 C1 96 B6 E4 | 21 69 0E B0 4E FB 7D 4F | 22 66 64 C3 1F A4 C9 1A | 23 89 47 BA 1B DD 07 4A | 24 B6 CC E7 BA A8 32 2D | 25 7C AA AA AA AA AA AA | ,,
00116314000A100000021,R692181010260321MX5MX5ALH100130S16008,PASS,1,PASS,MX5a ILCU_LH,2026-03-21 13:31:57,2026-03-21 13:34:21,32,,RXS_WIN,13.5,-,-,-,-,-,-,-,-,07 60 0B 52 31 30 20 4D 58 35 2F 31 2F 30 0B 52 34 38 20 4D 58 35 2F 31 2F 30 0C 52 31 34 38 20 4D 58 35 2F 31 2F 30 0C 52 31 34 39 20 4D 58 35 2F 31 2F 30 0C 52 31 35 35 20 4D 58 35 2F 31 2F 30 0C 52 31 35 36 20 4D 58 35 2F 31 2F 30,07 60 0B 52 31 30 20 4D 58 35 2F 31 2F 30 0B 52 34 38 20 4D 58 35 2F 31 2F 30 0C 52 31 34 38 20 4D 58 35 2F 31 2F 30 0C 52 31 34 39 20 4D 58 35 2F 31 2F 30 0C 52 31 35 35 20 4D 58 35 2F 31 2F 30 0C 52 31 35 36 20 4D 58 35 2F 31 2F 30,-,-,00.01.110,760 | 03 22 F1 EF 00 00 00 00 | 30 00 14 00 00 00 00 00 | ,768 | 10 51 62 F1 EF 07 60 0B | 21 52 31 30 20 4D 58 35 | 22 2F 31 2F 30 0B 52 34 | 23 38 20 4D 58 35 2F 31 | 24 2F 30 0C 52 31 34 38 | 25 20 4D 58 35 2F 31 2F | 26 30 0C 52 31 34 39 20 | 27 4D 58 35 2F 31 2F 30 | 28 0C 52 31 35 35 20 4D | 29 58 35 2F 31 2F 30 0C | 2A 52 31 35 36 20 4D 58 | 2B 35 2F 31 2F 30 AA AA | ,,
00116314000A100000021,R692181010260321MX5MX5ALH100130S16008,PASS,1,PASS,MX5a ILCU_LH,2026-03-21 13:31:57,2026-03-21 13:34:21,33,BIN 입력검사,BIN Center,13.5,300,330,360, 322.09,-,-,-,-,-,-,-,-,00.00.749,760 | 03 22 01 A0 00 00 00 00 | 30 00 00 00 00 00 00 00 | ,768 | 10 37 62 01 A0 FF FF FF | 21 FF 01 9F 00 00 00 00 | 22 01 9F 00 00 00 00 01 | 23 A0 00 00 00 00 01 F3 | 24 01 F2 01 F3 01 C6 01 | 25 26 27 10 00 00 00 00 | 26 27 10 00 00 08 98 00 | 27 00 00 00 00 00 01 95 | ,,
00116314000A100000021,R692181010260321MX5MX5ALH100130S16008,PASS,1,PASS,MX5a ILCU_LH,2026-03-21 13:31:57,2026-03-21 13:34:21,34,,BIN Low Beam Hot,13.5,450,500,550, 519.53,-,-,-,-,-,-,-,-,00.00.597,760 | 03 22 01 A0 00 00 00 00 | 30 00 00 00 00 00 00 00 | ,768 | 10 37 62 01 A0 FF FF FF | 21 FF 01 9F 00 00 00 00 | 22 01 9F 00 00 00 00 01 | 23 A0 00 00 00 00 01 F3 | 24 01 F2 01 F3 01 C6 01 | 25 26 27 10 00 00 00 00 | 26 27 10 00 00 08 98 00 | 27 00 00 00 00 00 01 95 | ,,
00116314000A100000021,R692181010260321MX5MX5ALH100130S16008,PASS,1,PASS,MX5a ILCU_LH,2026-03-21 13:31:57,2026-03-21 13:34:21,35,,BIN High Beam,13.5,450,500,550, 522.09,-,-,-,-,-,-,-,-,00.00.528,760 | 03 22 01 A0 00 00 00 00 | 30 00 00 00 00 00 00 00 | ,768 | 10 37 62 01 A0 FF FF FF | 21 FF 01 9F 00 00 00 00 | 22 01 9F 00 00 00 00 01 | 23 A0 00 00 00 00 01 F3 | 24 01 F2 01 F3 01 C6 01 | 25 26 27 10 00 00 00 00 | 26 27 10 00 00 08 98 00 | 27 00 00 00 00 00 01 95 | ,,
00116314000A100000021,R692181010260321MX5MX5ALH100130S16008,PASS,1,PASS,MX5a ILCU_LH,2026-03-21 13:31:57,2026-03-21 13:34:21,36,NTC 입력검사,NTC Low Hot,13.5,378,420,462, 407.05,-,-,-,-,-,-,-,-,00.00.569,760 | 03 22 01 A0 00 00 00 00 | 30 00 00 00 00 00 00 00 | ,768 | 10 37 62 01 A0 FF FF FF | 21 FF 01 9F 00 00 00 00 | 22 01 9F 00 00 00 00 01 | 23 A0 00 00 00 00 01 F3 | 24 01 F2 01 F3 01 C6 01 | 25 26 27 10 00 00 00 00 | 26 27 10 00 00 08 98 00 | 27 00 00 00 00 00 01 95 | ,,
00116314000A100000021,R692181010260321MX5MX5ALH100130S16008,PASS,1,PASS,MX5a ILCU_LH,2026-03-21 13:31:57,2026-03-21 13:34:21,37,,NTC High Ch1,13.5,378,420,462, 407.05,-,-,-,-,-,-,-,-,00.00.562,760 | 03 22 01 A0 00 00 00 00 | 30 00 00 00 00 00 00 00 | ,768 | 10 37 62 01 A0 FF FF FF | 21 FF 01 9F 00 00 00 00 | 22 01 9F 00 00 00 00 01 | 23 A0 00 00 00 00 01 F3 | 24 01 F2 01 F3 01 C6 01 | 25 26 27 10 00 00 00 00 | 26 27 10 00 00 08 98 00 | 27 00 00 00 00 00 01 95 | ,,
00116314000A100000021,R692181010260321MX5MX5ALH100130S16008,PASS,1,PASS,MX5a ILCU_LH,2026-03-21 13:31:57,2026-03-21 13:34:21,38,,NTC DRL,13.5,378,420,462, 409.61,-,-,-,-,-,-,-,-,00.00.531,760 | 03 22 01 A0 00 00 00 00 | 30 00 00 00 00 00 00 00 | ,768 | 10 37 62 01 A0 FF FF FF | 21 FF 01 9F 00 00 00 00 | 22 01 9F 00 00 00 00 01 | 23 A0 00 00 00 00 01 F3 | 24 01 F2 01 F3 01 C6 01 | 25 26 27 10 00 00 00 00 | 26 27 10 00 00 08 98 00 | 27 00 00 00 00 00 01 95 | ,,
00116314000A100000021,R692181010260321MX5MX5ALH100130S16008,PASS,1,PASS,MX5a ILCU_LH,2026-03-21 13:31:57,2026-03-21 13:34:21,39,레벨링 통전검사,HLLD_PWR_OUT,13.5,0,,100,   4.60,-,-,-,-,-,-,-,-,00.00.560,,,,
00116314000A100000021,R692181010260321MX5MX5ALH100130S16008,PASS,1,PASS,MX5a ILCU_LH,2026-03-21 13:31:57,2026-03-21 13:34:21,40,,HLLD_SIG_OUT,13.5,0,,100,   2.60,-,-,-,-,-,-,-,-,00.00.709,,,,
00116314000A100000021,R692181010260321MX5MX5ALH100130S16008,PASS,1,PASS,MX5a ILCU_LH,2026-03-21 13:31:57,2026-03-21 13:34:21,41,,HLLD_GND,13.5,0,,100,   3.10,-,-,-,-,-,-,-,-,00.00.763,,,,
00116314000A100000021,R692181010260321MX5MX5ALH100130S16008,PASS,1,SKIP,MX5a ILCU_LH,2026-03-21 13:31:57,2026-03-21 13:34:21,42,POWER RESET,,13.5,-,-,-,-,-,-,-,-,-,-,-,-,00.00.756,,,,
00116314000A100000021,R692181010260321MX5MX5ALH100130S16008,PASS,1,PASS,MX5a ILCU_LH,2026-03-21 13:31:57,2026-03-21 13:34:21,43,SESSION,Com Open,13.5,-,-,-,-,-,-,-,-,-,-,-,-,00.00.409,760 | 02 10 03 00 00 00 00 00 | ,768 | 06 50 03 00 32 01 F4 AA | ,,
00116314000A100000021,R692181010260321MX5MX5ALH100130S16008,PASS,1,PASS,MX5a ILCU_LH,2026-03-21 13:31:57,2026-03-21 13:34:21,44,,Security Access,13.5,-,-,-,-,-,-,-,-,-,-,-,-,00.01.161,760 | 02 27 11 00 00 00 00 00 | 30 00 14 00 00 00 00 00 | ,768 | 10 0A 67 11 57 65 97 99 | 21 0F 79 BD 9C AA AA AA | ,760 | 10 0A 27 12 B2 56 C6 39 | 21 C1 52 93 B2 00 00 00 | ,768 | 02 67 12 AA AA AA AA AA | 
00116314000A100000021,R692181010260321MX5MX5ALH100130S16008,PASS,1,PASS,MX5a ILCU_LH,2026-03-21 13:31:57,2026-03-21 13:34:21,45,PSTN_CL 기능검증,입력 전류 실측,13.5,200,240,280, 238.00,-,-,-,-,-,-,-,-,00.00.581,760 | 05 2F F0 23 03 08 00 00 | ,768 | 05 6F F0 23 03 01 AA AA | ,760 | 05 2F F0 23 03 00 00 00 | ,768 | 05 6F F0 23 03 01 AA AA | 
00116314000A100000021,R692181010260321MX5MX5ALH100130S16008,PASS,1,PASS,MX5a ILCU_LH,2026-03-21 13:31:57,2026-03-21 13:34:21,46,PSTN 1_CL,출력 전압/전류 실측,13.5,-,-,-,-,21,24.2,28,  23.20,-,-,-,-,00.02.170,760 | 05 2F F0 23 03 08 00 00 | ,768 | 05 6F F0 23 03 01 AA AA | ,,
00116314000A100000021,R692181010260321MX5MX5ALH100130S16008,PASS,1,PASS,MX5a ILCU_LH,2026-03-21 13:31:57,2026-03-21 13:34:21,46,,출력 전압/전류 실측,9,-,-,-,-,21,24.2,28,  23.40,-,-,-,-,00.01.294,,,,
00116314000A100000021,R692181010260321MX5MX5ALH100130S16008,PASS,1,PASS,MX5a ILCU_LH,2026-03-21 13:31:57,2026-03-21 13:34:21,46,,출력 전압/전류 실측,16,-,-,-,-,21,24.2,28,  23.30,-,-,-,-,00.00.589,,,760 | 05 2F F0 23 03 00 00 00 | ,768 | 05 6F F0 23 03 01 AA AA | 
00116314000A100000021,R692181010260321MX5MX5ALH100130S16008,PASS,1,PASS,MX5a ILCU_LH,2026-03-21 13:31:57,2026-03-21 13:34:21,49,PSTN 2_CL,출력 전압/전류 실측,13.5,-,-,-,-,16,20,23,  17.70,-,-,-,-,00.01.015,760 | 05 2F F0 23 03 08 00 00 | ,768 | 05 6F F0 23 03 01 AA AA | ,,
00116314000A100000021,R692181010260321MX5MX5ALH100130S16008,PASS,1,PASS,MX5a ILCU_LH,2026-03-21 13:31:57,2026-03-21 13:34:21,49,,출력 전압/전류 실측,9,-,-,-,-,16,20,23,  17.70,-,-,-,-,00.01.280,,,,
00116314000A100000021,R692181010260321MX5MX5ALH100130S16008,PASS,1,PASS,MX5a ILCU_LH,2026-03-21 13:31:57,2026-03-21 13:34:21,49,,출력 전압/전류 실측,16,-,-,-,-,16,20,23,  17.70,-,-,-,-,00.00.562,,,760 | 05 2F F0 23 03 00 00 00 | ,768 | 05 6F F0 23 03 01 AA AA | 
00116314000A100000021,R692181010260321MX5MX5ALH100130S16008,PASS,1,PASS,MX5a ILCU_LH,2026-03-21 13:31:57,2026-03-21 13:34:21,52,PSTN 1_CL (TURN 점등조건),출력 전압/전류 실측,13.5,-,-,-,-,7,10,12,   8.60,-,-,-,-,00.00.966,760 | 05 2F F0 23 03 18 00 00 | ,768 | 05 6F F0 23 03 01 AA AA | ,,
00116314000A100000021,R692181010260321MX5MX5ALH100130S16008,PASS,1,PASS,MX5a ILCU_LH,2026-03-21 13:31:57,2026-03-21 13:34:21,52,,출력 전압/전류 실측,9,-,-,-,-,7,10,12,   8.60,-,-,-,-,00.01.355,,,,
00116314000A100000021,R692181010260321MX5MX5ALH100130S16008,PASS,1,PASS,MX5a ILCU_LH,2026-03-21 13:31:57,2026-03-21 13:34:21,52,,출력 전압/전류 실측,16,-,-,-,-,7,10,12,   8.60,-,-,-,-,00.00.603,,,760 | 05 2F F0 23 03 00 00 00 | ,768 | 05 6F F0 23 03 01 AA AA | 
00116314000A100000021,R692181010260321MX5MX5ALH100130S16008,PASS,1,PASS,MX5a ILCU_LH,2026-03-21 13:31:57,2026-03-21 13:34:21,55,PSTN 2_CL (TURN 점등조건),출력 전압/전류 실측,13.5,-,-,-,-,5,10,12,   6.70,-,-,-,-,00.00.976,760 | 05 2F F0 23 03 18 00 00 | ,768 | 05 6F F0 23 03 01 AA AA | ,,
00116314000A100000021,R692181010260321MX5MX5ALH100130S16008,PASS,1,PASS,MX5a ILCU_LH,2026-03-21 13:31:57,2026-03-21 13:34:21,55,,출력 전압/전류 실측,9,-,-,-,-,5,10,12,   6.70,-,-,-,-,00.01.264,,,,
00116314000A100000021,R692181010260321MX5MX5ALH100130S16008,PASS,1,PASS,MX5a ILCU_LH,2026-03-21 13:31:57,2026-03-21 13:34:21,55,,출력 전압/전류 실측,16,-,-,-,-,5,10,12,   6.60,-,-,-,-,00.00.579,,,760 | 05 2F F0 23 03 00 00 00 | ,768 | 05 6F F0 23 03 01 AA AA | 
00116314000A100000021,R692181010260321MX5MX5ALH100130S16008,PASS,1,PASS,MX5a ILCU_LH,2026-03-21 13:31:57,2026-03-21 13:34:21,58,TURN 기능검증,입력 전류 실측,13.5,1814,2268,2722,2260.60,-,-,-,-,-,-,-,-,00.00.986,760 | 05 2F F0 23 03 10 00 00 | ,768 | 05 6F F0 23 03 01 AA AA | ,760 | 05 2F F0 23 03 00 00 00 | ,768 | 05 6F F0 23 03 01 AA AA | 
00116314000A100000021,R692181010260321MX5MX5ALH100130S16008,PASS,1,PASS,MX5a ILCU_LH,2026-03-21 13:31:57,2026-03-21 13:34:21,59,TURN 1,출력 전압/전류 실측,13.5,-,-,-,-,190,200,215, 210.00,-,-,-,-,00.02.726,760 | 05 2F F0 23 03 10 00 00 | ,768 | 05 6F F0 23 03 01 AA AA | ,,
00116314000A100000021,R692181010260321MX5MX5ALH100130S16008,PASS,1,PASS,MX5a ILCU_LH,2026-03-21 13:31:57,2026-03-21 13:34:21,59,,출력 전압/전류 실측,9,-,-,-,-,190,200,215, 210.00,-,-,-,-,00.01.263,,,,
00116314000A100000021,R692181010260321MX5MX5ALH100130S16008,PASS,1,PASS,MX5a ILCU_LH,2026-03-21 13:31:57,2026-03-21 13:34:21,59,,출력 전압/전류 실측,16,-,-,-,-,190,200,215, 210.00,-,-,-,-,00.00.578,,,760 | 05 2F F0 23 03 00 00 00 | ,768 | 05 6F F0 23 03 01 AA AA | 
00116314000A100000021,R692181010260321MX5MX5ALH100130S16008,PASS,1,PASS,MX5a ILCU_LH,2026-03-21 13:31:57,2026-03-21 13:34:21,62,TURN 2,출력 전압/전류 실측,13.5,-,-,-,-,190,200,215, 210.20,-,-,-,-,00.00.996,760 | 05 2F F0 23 03 10 00 00 | ,768 | 05 6F F0 23 03 01 AA AA | ,,
00116314000A100000021,R692181010260321MX5MX5ALH100130S16008,PASS,1,PASS,MX5a ILCU_LH,2026-03-21 13:31:57,2026-03-21 13:34:21,62,,출력 전압/전류 실측,9,-,-,-,-,190,200,215, 210.10,-,-,-,-,00.01.263,,,,
00116314000A100000021,R692181010260321MX5MX5ALH100130S16008,PASS,1,PASS,MX5a ILCU_LH,2026-03-21 13:31:57,2026-03-21 13:34:21,62,,출력 전압/전류 실측,16,-,-,-,-,190,200,215, 210.20,-,-,-,-,00.00.595,,,760 | 05 2F F0 23 03 00 00 00 | ,768 | 05 6F F0 23 03 01 AA AA | 
00116314000A100000021,R692181010260321MX5MX5ALH100130S16008,PASS,1,PASS,MX5a ILCU_LH,2026-03-21 13:31:57,2026-03-21 13:34:21,65,TURN 3 ,출력 전압/전류 실측,13.5,-,-,-,-,190,200,215, 211.00,-,-,-,-,00.00.980,760 | 05 2F F0 23 03 10 00 00 | ,768 | 05 6F F0 23 03 01 AA AA | ,,
00116314000A100000021,R692181010260321MX5MX5ALH100130S16008,PASS,1,PASS,MX5a ILCU_LH,2026-03-21 13:31:57,2026-03-21 13:34:21,65,,출력 전압/전류 실측,9,-,-,-,-,190,200,215, 210.80,-,-,-,-,00.01.292,,,,
00116314000A100000021,R692181010260321MX5MX5ALH100130S16008,PASS,1,PASS,MX5a ILCU_LH,2026-03-21 13:31:57,2026-03-21 13:34:21,65,,출력 전압/전류 실측,16,-,-,-,-,190,200,215, 210.90,-,-,-,-,00.00.587,,,760 | 05 2F F0 23 03 00 00 00 | ,768 | 05 6F F0 23 03 01 AA AA | 
00116314000A100000021,R692181010260321MX5MX5ALH100130S16008,PASS,1,PASS,MX5a ILCU_LH,2026-03-21 13:31:57,2026-03-21 13:34:21,68,CTR PSTN_CL 기능검증,입력 전류 실측,13.5,200,240,280, 240.60,-,-,-,-,-,-,-,-,00.00.977,760 | 05 2F F0 23 03 08 00 00 | ,768 | 05 6F F0 23 03 01 AA AA | ,760 | 05 2F F0 23 03 00 00 00 | ,768 | 05 6F F0 23 03 01 AA AA | 
00116314000A100000021,R692181010260321MX5MX5ALH100130S16008,PASS,1,PASS,MX5a ILCU_LH,2026-03-21 13:31:57,2026-03-21 13:34:21,69,,출력 전압/전류 실측,13.5,-,-,-,-,19,22,25,  22.70,-,-,-,-,00.01.763,760 | 05 2F F0 23 03 08 00 00 | ,768 | 05 6F F0 23 03 01 AA AA | ,,
00116314000A100000021,R692181010260321MX5MX5ALH100130S16008,PASS,1,PASS,MX5a ILCU_LH,2026-03-21 13:31:57,2026-03-21 13:34:21,69,,출력 전압/전류 실측,9,-,-,-,-,19,22,25,  22.70,-,-,-,-,00.01.599,,,,
00116314000A100000021,R692181010260321MX5MX5ALH100130S16008,PASS,1,PASS,MX5a ILCU_LH,2026-03-21 13:31:57,2026-03-21 13:34:21,69,,출력 전압/전류 실측,16,-,-,-,-,19,22,25,  22.70,-,-,-,-,00.00.543,,,760 | 05 2F F0 23 03 00 00 00 | ,768 | 05 6F F0 23 03 01 AA AA | 
00116314000A100000021,R692181010260321MX5MX5ALH100130S16008,PASS,1,PASS,MX5a ILCU_LH,2026-03-21 13:31:57,2026-03-21 13:34:21,72,CTR PSTN_CL (TURN 점등조건),출력 전압/전류 실측,13.5,-,-,-,-,19,22,25,  22.70,-,-,-,-,00.01.013,760 | 05 2F F0 23 03 18 00 00 | ,768 | 05 6F F0 23 03 01 AA AA | ,,
00116314000A100000021,R692181010260321MX5MX5ALH100130S16008,PASS,1,PASS,MX5a ILCU_LH,2026-03-21 13:31:57,2026-03-21 13:34:21,72,,출력 전압/전류 실측,9,-,-,-,-,19,22,25,  22.60,-,-,-,-,00.01.290,,,,
00116314000A100000021,R692181010260321MX5MX5ALH100130S16008,PASS,1,PASS,MX5a ILCU_LH,2026-03-21 13:31:57,2026-03-21 13:34:21,72,,출력 전압/전류 실측,16,-,-,-,-,19,22,25,  22.70,-,-,-,-,00.00.627,,,760 | 05 2F F0 23 03 00 00 00 | ,768 | 05 6F F0 23 03 01 AA AA | 
00116314000A100000021,R692181010260321MX5MX5ALH100130S16008,PASS,1,PASS,MX5a ILCU_LH,2026-03-21 13:31:57,2026-03-21 13:34:21,75,SESSION,Com Open,13.5,-,-,-,-,-,-,-,-,-,-,-,-,00.00.985,760 | 02 10 03 00 00 00 00 00 | ,768 | 06 50 03 00 32 01 F4 AA | ,,
00116314000A100000021,R692181010260321MX5MX5ALH100130S16008,PASS,1,PASS,MX5a ILCU_LH,2026-03-21 13:31:57,2026-03-21 13:34:21,76,,Security Access,13.5,-,-,-,-,-,-,-,-,-,-,-,-,00.00.669,760 | 02 27 11 00 00 00 00 00 | 30 00 14 00 00 00 00 00 | ,768 | 10 0A 67 11 7A 4C 72 BD | 21 98 D3 6D 5D AA AA AA | ,760 | 10 0A 27 12 A5 CC 1E 98 | 21 B3 BB F0 4C 00 00 00 | ,768 | 02 67 12 AA AA AA AA AA | 
00116314000A100000021,R692181010260321MX5MX5ALH100130S16008,PASS,1,PASS,MX5a ILCU_LH,2026-03-21 13:31:57,2026-03-21 13:34:21,77,파라메타 입력_HM/NON DWL/CTR,Vehicle Coding Information,13.5,-,-,-,-,-,-,-,-,00 00 00 12 01 00 01 00,00 00 00 12 01 00 01 00,-,-,00.00.595,760 | 10 0B 2E C0 DE 00 00 00 | 21 12 01 00 01 00 00 00 | ,768 | 03 6E C0 DE AA AA AA AA | ,,
00116314000A100000021,R692181010260321MX5MX5ALH100130S16008,PASS,1,PASS,MX5a ILCU_LH,2026-03-21 13:31:57,2026-03-21 13:34:21,78,LOW 기능검증,입력 전류 실측,13.5,1320,1650,1980,1632.20,-,-,-,-,-,-,-,-,00.00.560,760 | 05 2F F0 23 03 01 00 00 | ,768 | 05 6F F0 23 03 01 AA AA | ,760 | 05 2F F0 23 03 00 00 00 | ,768 | 05 6F F0 23 03 01 AA AA | 
00116314000A100000021,R692181010260321MX5MX5ALH100130S16008,PASS,1,PASS,MX5a ILCU_LH,2026-03-21 13:31:57,2026-03-21 13:34:21,79,,출력 전압/전류 실측_Low,13.5,-,-,-,-,646,680,714, 682.90,-,-,-,-,00.01.795,760 | 05 2F F0 23 03 01 00 00 | ,768 | 05 6F F0 23 03 01 AA AA | ,,
00116314000A100000021,R692181010260321MX5MX5ALH100130S16008,PASS,1,PASS,MX5a ILCU_LH,2026-03-21 13:31:57,2026-03-21 13:34:21,79,,출력 전압/전류 실측_Low,9,-,-,-,-,646,680,714, 682.70,-,-,-,-,00.01.339,,,,
00116314000A100000021,R692181010260321MX5MX5ALH100130S16008,PASS,1,PASS,MX5a ILCU_LH,2026-03-21 13:31:57,2026-03-21 13:34:21,79,,출력 전압/전류 실측_Low,16,-,-,-,-,646,680,714, 682.80,-,-,-,-,00.00.535,,,760 | 05 2F F0 23 03 00 00 00 | ,768 | 05 6F F0 23 03 01 AA AA | 
00116314000A100000021,R692181010260321MX5MX5ALH100130S16008,PASS,1,PASS,MX5a ILCU_LH,2026-03-21 13:31:57,2026-03-21 13:34:21,82,,출력 전압/전류 실측_Low Assist,13.5,-,-,-,-,266,280,294, 281.40,-,-,-,-,00.01.006,760 | 05 2F F0 23 03 01 00 00 | ,768 | 05 6F F0 23 03 01 AA AA | ,,
00116314000A100000021,R692181010260321MX5MX5ALH100130S16008,PASS,1,PASS,MX5a ILCU_LH,2026-03-21 13:31:57,2026-03-21 13:34:21,82,,출력 전압/전류 실측_Low Assist,9,-,-,-,-,266,280,294, 281.50,-,-,-,-,00.01.296,,,,
00116314000A100000021,R692181010260321MX5MX5ALH100130S16008,PASS,1,PASS,MX5a ILCU_LH,2026-03-21 13:31:57,2026-03-21 13:34:21,82,,출력 전압/전류 실측_Low Assist,16,-,-,-,-,266,280,294, 281.80,-,-,-,-,00.00.577,,,760 | 05 2F F0 23 03 00 00 00 | ,768 | 05 6F F0 23 03 01 AA AA | 
00116314000A100000021,R692181010260321MX5MX5ALH100130S16008,PASS,1,PASS,MX5a ILCU_LH,2026-03-21 13:31:57,2026-03-21 13:34:21,85,HIGH 기능검증,입력 전류 실측,13.5,1080,1350,1620,1226.60,-,-,-,-,-,-,-,-,00.01.044,760 | 05 2F F0 23 03 02 00 00 | ,768 | 05 6F F0 23 03 01 AA AA | ,760 | 05 2F F0 23 03 00 00 00 | ,768 | 05 6F F0 23 03 01 AA AA | 
00116314000A100000021,R692181010260321MX5MX5ALH100130S16008,PASS,1,PASS,MX5a ILCU_LH,2026-03-21 13:31:57,2026-03-21 13:34:21,86,,출력 전압/전류 실측,13.5,-,-,-,-,703,740,777, 738.20,-,-,-,-,00.01.731,760 | 05 2F F0 23 03 02 00 00 | ,768 | 05 6F F0 23 03 01 AA AA | ,,
00116314000A100000021,R692181010260321MX5MX5ALH100130S16008,PASS,1,PASS,MX5a ILCU_LH,2026-03-21 13:31:57,2026-03-21 13:34:21,86,,출력 전압/전류 실측,9,-,-,-,-,703,740,777, 738.00,-,-,-,-,00.01.316,,,,
00116314000A100000021,R692181010260321MX5MX5ALH100130S16008,PASS,1,PASS,MX5a ILCU_LH,2026-03-21 13:31:57,2026-03-21 13:34:21,86,,출력 전압/전류 실측,16,-,-,-,-,703,740,777, 738.00,-,-,-,-,00.00.745,,,760 | 05 2F F0 23 03 00 00 00 | ,768 | 05 6F F0 23 03 01 AA AA | 
00116314000A100000021,R692181010260321MX5MX5ALH100130S16008,PASS,1,PASS,MX5a ILCU_LH,2026-03-21 13:31:57,2026-03-21 13:34:21,89,DRL 기능검증,입력 전류 실측,13.5,2160,2700,3240,2911.30,-,-,-,-,-,-,-,-,00.01.127,760 | 05 2F F0 23 03 04 00 00 | ,768 | 05 6F F0 23 03 01 AA AA | ,760 | 05 2F F0 23 03 00 00 00 | ,768 | 05 6F F0 23 03 01 AA AA | 
00116314000A100000021,R692181010260321MX5MX5ALH100130S16008,PASS,1,PASS,MX5a ILCU_LH,2026-03-21 13:31:57,2026-03-21 13:34:21,90,DRL 1,출력 전압/전류 실측,13.5,-,-,-,-,836,880,924, 882.80,-,-,-,-,00.01.686,760 | 05 2F F0 23 03 04 00 00 | ,768 | 05 6F F0 23 03 01 AA AA | ,,
00116314000A100000021,R692181010260321MX5MX5ALH100130S16008,PASS,1,PASS,MX5a ILCU_LH,2026-03-21 13:31:57,2026-03-21 13:34:21,90,,출력 전압/전류 실측,9,-,-,-,-,836,880,924, 882.60,-,-,-,-,00.01.751,,,,
00116314000A100000021,R692181010260321MX5MX5ALH100130S16008,PASS,1,PASS,MX5a ILCU_LH,2026-03-21 13:31:57,2026-03-21 13:34:21,90,,출력 전압/전류 실측,16,-,-,-,-,836,880,924, 882.60,-,-,-,-,00.00.614,,,760 | 05 2F F0 23 03 00 00 00 | ,768 | 05 6F F0 23 03 01 AA AA | 
00116314000A100000021,R692181010260321MX5MX5ALH100130S16008,PASS,1,PASS,MX5a ILCU_LH,2026-03-21 13:31:57,2026-03-21 13:34:21,93,DRL 2,출력 전압/전류 실측,13.5,-,-,-,-,627,660,693, 666.10,-,-,-,-,00.01.009,760 | 05 2F F0 23 03 04 00 00 | ,768 | 05 6F F0 23 03 01 AA AA | ,,
00116314000A100000021,R692181010260321MX5MX5ALH100130S16008,PASS,1,PASS,MX5a ILCU_LH,2026-03-21 13:31:57,2026-03-21 13:34:21,93,,출력 전압/전류 실측,9,-,-,-,-,627,660,693, 667.00,-,-,-,-,00.01.351,,,,
00116314000A100000021,R692181010260321MX5MX5ALH100130S16008,PASS,1,PASS,MX5a ILCU_LH,2026-03-21 13:31:57,2026-03-21 13:34:21,93,,출력 전압/전류 실측,16,-,-,-,-,627,660,693, 667.00,-,-,-,-,00.00.610,,,760 | 05 2F F0 23 03 00 00 00 | ,768 | 05 6F F0 23 03 01 AA AA | 
00116314000A100000021,R692181010260321MX5MX5ALH100130S16008,PASS,1,PASS,MX5a ILCU_LH,2026-03-21 13:31:57,2026-03-21 13:34:21,96,PSTN 기능검증,입력 전류 실측,13.5,315,394,472, 379.50,-,-,-,-,-,-,-,-,00.00.970,760 | 05 2F F0 23 03 08 00 00 | ,768 | 05 6F F0 23 03 01 AA AA | ,760 | 05 2F F0 23 03 00 00 00 | ,768 | 05 6F F0 23 03 01 AA AA | 
00116314000A100000021,R692181010260321MX5MX5ALH100130S16008,PASS,1,PASS,MX5a ILCU_LH,2026-03-21 13:31:57,2026-03-21 13:34:21,97,PSTN 1,출력 전압/전류 실측,13.5,-,-,-,-,43,49,55,  48.80,-,-,-,-,00.01.700,760 | 05 2F F0 23 03 08 00 00 | ,768 | 05 6F F0 23 03 01 AA AA | ,,
00116314000A100000021,R692181010260321MX5MX5ALH100130S16008,PASS,1,PASS,MX5a ILCU_LH,2026-03-21 13:31:57,2026-03-21 13:34:21,97,,출력 전압/전류 실측,9,-,-,-,-,43,49,55,  48.60,-,-,-,-,00.01.262,,,,
00116314000A100000021,R692181010260321MX5MX5ALH100130S16008,PASS,1,PASS,MX5a ILCU_LH,2026-03-21 13:31:57,2026-03-21 13:34:21,97,,출력 전압/전류 실측,16,-,-,-,-,43,49,55,  48.70,-,-,-,-,00.00.558,,,760 | 05 2F F0 23 03 00 00 00 | ,768 | 05 6F F0 23 03 01 AA AA | 
00116314000A100000021,R692181010260321MX5MX5ALH100130S16008,PASS,1,PASS,MX5a ILCU_LH,2026-03-21 13:31:57,2026-03-21 13:34:21,100,PSTN 2,출력 전압/전류 실측,13.5,-,-,-,-,34,37,42,  37.10,-,-,-,-,00.01.003,760 | 05 2F F0 23 03 08 00 00 | ,768 | 05 6F F0 23 03 01 AA AA | ,,
00116314000A100000021,R692181010260321MX5MX5ALH100130S16008,PASS,1,PASS,MX5a ILCU_LH,2026-03-21 13:31:57,2026-03-21 13:34:21,100,,출력 전압/전류 실측,9,-,-,-,-,34,37,42,  37.10,-,-,-,-,00.01.325,,,,
00116314000A100000021,R692181010260321MX5MX5ALH100130S16008,PASS,1,PASS,MX5a ILCU_LH,2026-03-21 13:31:57,2026-03-21 13:34:21,100,,출력 전압/전류 실측,16,-,-,-,-,34,37,42,  37.10,-,-,-,-,00.00.546,,,760 | 05 2F F0 23 03 00 00 00 | ,768 | 05 6F F0 23 03 01 AA AA | 
00116314000A100000021,R692181010260321MX5MX5ALH100130S16008,PASS,1,PASS,MX5a ILCU_LH,2026-03-21 13:31:57,2026-03-21 13:34:21,103,PSTN 1 (TURN 점등조건),출력 전압/전류 실측,13.5,-,-,-,-,14,18,22,  17.80,-,-,-,-,00.01.015,760 | 05 2F F0 23 03 18 00 00 | ,768 | 05 6F F0 23 03 01 AA AA | ,,
00116314000A100000021,R692181010260321MX5MX5ALH100130S16008,PASS,1,PASS,MX5a ILCU_LH,2026-03-21 13:31:57,2026-03-21 13:34:21,103,,출력 전압/전류 실측,9,-,-,-,-,14,18,22,  17.80,-,-,-,-,00.01.254,,,,
00116314000A100000021,R692181010260321MX5MX5ALH100130S16008,PASS,1,PASS,MX5a ILCU_LH,2026-03-21 13:31:57,2026-03-21 13:34:21,103,,출력 전압/전류 실측,16,-,-,-,-,14,18,22,  17.80,-,-,-,-,00.00.575,,,760 | 05 2F F0 23 03 00 00 00 | ,768 | 05 6F F0 23 03 01 AA AA | 
00116314000A100000021,R692181010260321MX5MX5ALH100130S16008,PASS,1,PASS,MX5a ILCU_LH,2026-03-21 13:31:57,2026-03-21 13:34:21,106,PSTN 2 (TURN 점등조건),출력 전압/전류 실측,13.5,-,-,-,-,10,14,18,  13.80,-,-,-,-,00.00.992,760 | 05 2F F0 23 03 18 00 00 | ,768 | 05 6F F0 23 03 01 AA AA | ,,
00116314000A100000021,R692181010260321MX5MX5ALH100130S16008,PASS,1,PASS,MX5a ILCU_LH,2026-03-21 13:31:57,2026-03-21 13:34:21,106,,출력 전압/전류 실측,9,-,-,-,-,10,14,18,  13.80,-,-,-,-,00.01.274,,,,
00116314000A100000021,R692181010260321MX5MX5ALH100130S16008,PASS,1,PASS,MX5a ILCU_LH,2026-03-21 13:31:57,2026-03-21 13:34:21,106,,출력 전압/전류 실측,16,-,-,-,-,10,14,18,  13.80,-,-,-,-,00.00.577,,,760 | 05 2F F0 23 03 00 00 00 | ,768 | 05 6F F0 23 03 01 AA AA | 
00116314000A100000021,R692181010260321MX5MX5ALH100130S16008,PASS,1,PASS,MX5a ILCU_LH,2026-03-21 13:31:57,2026-03-21 13:34:21,109,TURN 기능검증,입력 전류 실측,13.5,2816,3527,4232,3536.10,-,-,-,-,-,-,-,-,00.00.958,760 | 05 2F F0 23 03 10 00 00 | ,768 | 05 6F F0 23 03 01 AA AA | ,760 | 05 2F F0 23 03 00 00 00 | ,768 | 05 6F F0 23 03 01 AA AA | 
00116314000A100000021,R692181010260321MX5MX5ALH100130S16008,PASS,1,PASS,MX5a ILCU_LH,2026-03-21 13:31:57,2026-03-21 13:34:21,110,TURN 1,출력 전압/전류 실측,13.5,-,-,-,-,313,330,347, 333.20,-,-,-,-,00.01.732,760 | 05 2F F0 23 03 10 00 00 | ,768 | 05 6F F0 23 03 01 AA AA | ,,
00116314000A100000021,R692181010260321MX5MX5ALH100130S16008,PASS,1,PASS,MX5a ILCU_LH,2026-03-21 13:31:57,2026-03-21 13:34:21,110,,출력 전압/전류 실측,9,-,-,-,-,313,330,347, 333.10,-,-,-,-,00.01.260,,,,
00116314000A100000021,R692181010260321MX5MX5ALH100130S16008,PASS,1,PASS,MX5a ILCU_LH,2026-03-21 13:31:57,2026-03-21 13:34:21,110,,출력 전압/전류 실측,16,-,-,-,-,313,330,347, 333.10,-,-,-,-,00.00.578,,,760 | 05 2F F0 23 03 00 00 00 | ,768 | 05 6F F0 23 03 01 AA AA | 
00116314000A100000021,R692181010260321MX5MX5ALH100130S16008,PASS,1,PASS,MX5a ILCU_LH,2026-03-21 13:31:57,2026-03-21 13:34:21,113,TURN 2,출력 전압/전류 실측,13.5,-,-,-,-,313,330,347, 333.10,-,-,-,-,00.01.009,760 | 05 2F F0 23 03 10 00 00 | ,768 | 05 6F F0 23 03 01 AA AA | ,,
00116314000A100000021,R692181010260321MX5MX5ALH100130S16008,PASS,1,PASS,MX5a ILCU_LH,2026-03-21 13:31:57,2026-03-21 13:34:21,113,,출력 전압/전류 실측,9,-,-,-,-,313,330,347, 333.00,-,-,-,-,00.01.287,,,,
00116314000A100000021,R692181010260321MX5MX5ALH100130S16008,PASS,1,PASS,MX5a ILCU_LH,2026-03-21 13:31:57,2026-03-21 13:34:21,113,,출력 전압/전류 실측,16,-,-,-,-,313,330,347, 333.10,-,-,-,-,00.00.568,,,760 | 05 2F F0 23 03 00 00 00 | ,768 | 05 6F F0 23 03 01 AA AA | 
00116314000A100000021,R692181010260321MX5MX5ALH100130S16008,PASS,1,PASS,MX5a ILCU_LH,2026-03-21 13:31:57,2026-03-21 13:34:21,116,TURN 3 ,출력 전압/전류 실측,13.5,-,-,-,-,313,330,347, 334.40,-,-,-,-,00.00.968,760 | 05 2F F0 23 03 10 00 00 | ,768 | 05 6F F0 23 03 01 AA AA | ,,
00116314000A100000021,R692181010260321MX5MX5ALH100130S16008,PASS,1,PASS,MX5a ILCU_LH,2026-03-21 13:31:57,2026-03-21 13:34:21,116,,출력 전압/전류 실측,9,-,-,-,-,313,330,347, 334.30,-,-,-,-,00.01.267,,,,
00116314000A100000021,R692181010260321MX5MX5ALH100130S16008,PASS,1,PASS,MX5a ILCU_LH,2026-03-21 13:31:57,2026-03-21 13:34:21,116,,출력 전압/전류 실측,16,-,-,-,-,313,330,347, 334.30,-,-,-,-,00.00.574,,,760 | 05 2F F0 23 03 00 00 00 | ,768 | 05 6F F0 23 03 01 AA AA | 
00116314000A100000021,R692181010260321MX5MX5ALH100130S16008,PASS,1,PASS,MX5a ILCU_LH,2026-03-21 13:31:57,2026-03-21 13:34:21,119,SIDE MARKER 기능검증,출력 전압/전류 실측,13.5,-,-,-,-,118.75,125,131.25, 124.50,-,-,-,-,00.00.982,760 | 05 2F F0 23 03 80 00 00 | ,768 | 05 6F F0 23 03 01 AA AA | ,,
00116314000A100000021,R692181010260321MX5MX5ALH100130S16008,PASS,1,PASS,MX5a ILCU_LH,2026-03-21 13:31:57,2026-03-21 13:34:21,119,,출력 전압/전류 실측,9,-,-,-,-,118.75,125,131.25, 124.50,-,-,-,-,00.01.265,,,,
00116314000A100000021,R692181010260321MX5MX5ALH100130S16008,PASS,1,PASS,MX5a ILCU_LH,2026-03-21 13:31:57,2026-03-21 13:34:21,119,,출력 전압/전류 실측,16,-,-,-,-,118.75,125,131.25, 124.50,-,-,-,-,00.00.589,,,760 | 05 2F F0 23 03 00 00 00 | ,768 | 05 6F F0 23 03 01 AA AA | 
00116314000A100000021,R692181010260321MX5MX5ALH100130S16008,PASS,1,PASS,MX5a ILCU_LH,2026-03-21 13:31:57,2026-03-21 13:34:21,122,CTR PSTN_HM 기능검증,입력 전류 실측,13.5,315,394,472, 381.90,-,-,-,-,-,-,-,-,00.00.971,760 | 05 2F F0 23 03 08 00 00 | ,768 | 05 6F F0 23 03 01 AA AA | ,760 | 05 2F F0 23 03 00 00 00 | ,768 | 05 6F F0 23 03 01 AA AA | 
00116314000A100000021,R692181010260321MX5MX5ALH100130S16008,PASS,1,PASS,MX5a ILCU_LH,2026-03-21 13:31:57,2026-03-21 13:34:21,123,,출력 전압/전류 실측,13.5,-,-,-,-,36,41,46,  41.20,-,-,-,-,00.01.746,760 | 05 2F F0 23 03 08 00 00 | ,768 | 05 6F F0 23 03 01 AA AA | ,,
00116314000A100000021,R692181010260321MX5MX5ALH100130S16008,PASS,1,PASS,MX5a ILCU_LH,2026-03-21 13:31:57,2026-03-21 13:34:21,123,,출력 전압/전류 실측,9,-,-,-,-,36,41,46,  41.20,-,-,-,-,00.01.105,,,,
00116314000A100000021,R692181010260321MX5MX5ALH100130S16008,PASS,1,PASS,MX5a ILCU_LH,2026-03-21 13:31:57,2026-03-21 13:34:21,123,,출력 전압/전류 실측,16,-,-,-,-,36,41,46,  41.30,-,-,-,-,00.00.576,,,760 | 05 2F F0 23 03 00 00 00 | ,768 | 05 6F F0 23 03 01 AA AA | 
00116314000A100000021,R692181010260321MX5MX5ALH100130S16008,PASS,1,PASS,MX5a ILCU_LH,2026-03-21 13:31:57,2026-03-21 13:34:21,126,DTC 확인,Read DTC,13.5,-,-,-,-,-,-,-,-,0,2,-,96 F0 87 | 96 F3 87,00.01.013,760 | 03 19 02 09 00 00 00 00 | 30 00 14 00 00 00 00 00 | ,768 | 10 0B 59 02 09 96 F0 87 | 21 09 96 F3 87 09 AA AA | ,,
00116314000A100000021,R692181010260321MX5MX5ALH100130S16008,PASS,1,PASS,MX5a ILCU_LH,2026-03-21 13:31:57,2026-03-21 13:34:21,127,Tell-tale 신호 검사,,13.5,-,-,-,-,-,-,-,-,0,0,-,-,00.00.721,,421 | C5 60 54 44 04 00 00 00 | ,,
00116314000A100000021,R692181010260321MX5MX5ALH100130S16008,PASS,1,SKIP,MX5a ILCU_LH,2026-03-21 13:31:57,2026-03-21 13:34:21,128,POWER RESET,,13.5,-,-,-,-,-,-,-,-,-,-,-,-,00.00.650,,,,
00116314000A100000021,R692181010260321MX5MX5ALH100130S16008,PASS,1,PASS,MX5a ILCU_LH,2026-03-21 13:31:57,2026-03-21 13:34:21,129,SESSION,Com Open,13.5,-,-,-,-,-,-,-,-,-,-,-,-,00.00.407,760 | 02 10 03 00 00 00 00 00 | ,768 | 06 50 03 00 32 01 F4 AA | ,,
00116314000A100000021,R692181010260321MX5MX5ALH100130S16008,PASS,1,PASS,MX5a ILCU_LH,2026-03-21 13:31:57,2026-03-21 13:34:21,130,,Security Access,13.5,-,-,-,-,-,-,-,-,-,-,-,-,00.01.205,760 | 02 27 11 00 00 00 00 00 | 30 00 14 00 00 00 00 00 | ,768 | 10 0A 67 11 8C 40 F6 F7 | 21 00 C6 DB 5D AA AA AA | ,760 | 10 0A 27 12 CC CB F9 D7 | 21 23 3C FB ED 00 00 00 | ,768 | 02 67 12 AA AA AA AA AA | 
00116314000A100000021,R692181010260321MX5MX5ALH100130S16008,PASS,1,PASS,MX5a ILCU_LH,2026-03-21 13:31:57,2026-03-21 13:34:21,131,DeCalibration 수행,DeCalibration,13.5,-,-,-,-,-,-,-,-,-,-,-,-,00.00.639,760 | 04 31 01 F0 01 00 00 00 | ,768 | 05 71 01 F0 01 00 AA AA | ,,
00116314000A100000021,R692181010260321MX5MX5ALH100130S16008,PASS,1,PASS,MX5a ILCU_LH,2026-03-21 13:31:57,2026-03-21 13:34:21,132,DTC 삭제,DTC Clear,13.5,-,-,-,-,-,-,-,-,-,-,-,-,00.00.538,760 | 04 14 FF FF FF 00 00 00 | ,768 | 01 54 AA AA AA AA AA AA | ,,
00116314000A100000021,R692181010260321MX5MX5ALH100130S16008,PASS,1,PASS,MX5a ILCU_LH,2026-03-21 13:31:57,2026-03-21 13:34:21,133,SESSION,Com Open,13.5,-,-,-,-,-,-,-,-,-,-,-,-,00.00.531,760 | 02 10 03 00 00 00 00 00 | ,768 | 06 50 03 00 32 01 F4 AA | ,,
00116314000A100000021,R692181010260321MX5MX5ALH100130S16008,PASS,1,SKIP,MX5a ILCU_LH,2026-03-21 13:31:57,2026-03-21 13:34:21,134,POWER RESET,,13.5,-,-,-,-,-,-,-,-,-,-,-,-,00.00.488,,,,
00116314000A100000021,R692181010260321MX5MX5ALH100130S16008,PASS,1,PASS,MX5a ILCU_LH,2026-03-21 13:31:57,2026-03-21 13:34:21,135,제어기 Sleep 확인,암전류 실측,13.5,0,,0.1,   0.04,-,-,-,-,-,-,-,-,00.00.893,,,,
00116314000A100000021,R692181010260321MX5MX5ALH100130S16008,PASS,1,PASS,MX5a ILCU_LH,2026-03-21 13:31:57,2026-03-21 13:34:21,136,제어기 WakeUp 확인,CAN Tx 확인,13.5,-,-,-,-,-,-,-,-,-,-,-,-,00.10.977,,421 | BB C0 18 16 02 00 C0 00 | ,,
00116314000A100000021,R692181010260321MX5MX5ALH100130S16008,PASS,1,PASS,MX5a ILCU_LH,2026-03-21 13:31:57,2026-03-21 13:34:21,137,DTC 확인,Param Missing & Cal DTC 확인,13.5,-,-,-,-,-,-,-,-,1,3,96 61 46,96 61 46 | 96 F0 87 | 96 F3 87,00.01.214,760 | 03 19 02 09 00 00 00 00 | 30 00 14 00 00 00 00 00 | ,768 | 10 0F 59 02 09 96 61 46 | 21 09 96 F0 87 08 96 F3 | 22 87 08 AA AA AA AA AA | ,,
00116314000A100000021,R692181010260321MX5MX5ALH100130S16008,PASS,1,PASS,MX5a ILCU_LH,2026-03-21 13:31:57,2026-03-21 13:34:21,138,Tell-tale 신호 검사,,13.5,-,-,-,-,-,-,-,-,2,2,-,-,00.00.532,,421 | 94 D0 00 00 00 02 00 00 | ,,

